1.298584,1.30161,1.30381666667,1.30495333333,1.30827,1.29674833333,1.311025,1.30723833333,1.29981833333,7.99999999999e-05,0.0009,0.00045
1.36496666667,1.36556666667,1.3632,1.3622,1.35011666667,1.328,1.34121666667,1.33731666667,1.33088333333,0.0005,0.0033,-0.0001
1.31306,1.313,1.31406666667,1.31478333333,1.3135,1.30321666667,1.30585,1.29005,1.27353333333,-0.0002,0.0006,0.0011
1.23605,1.23148333333,1.22856666667,1.22496666667,1.2197,1.2184,1.20963333333,1.2017,1.22615,0.0,0.0003,-0.0004
1.36232,1.36396666667,1.36461666667,1.37616666667,1.40711666667,1.41703333333,1.5058,1.50961666667,1.477,0.0006,0.0001,-0.0032
1.25721666667,1.25681666667,1.25398,1.25465,1.2688,1.26038333333,1.26396666667,1.26396666667,1.26396666667,-0.0041,-0.0034,-0.0011
1.338266,1.33948,1.33855666667,1.33852166667,1.34570166667,1.34325833333,1.31252666667,1.29579833333,1.30652333333,0.00073,0.00122,-0.00045
1.344802,1.345134,1.34538333333,1.34202,1.34296666667,1.34359333333,1.31785166667,1.29629666667,1.30149166667,0.00014,0.00016,-0.00019
1.26106,1.26286666667,1.26225,1.26234,1.24902,1.22981666667,1.21165,1.20861666667,1.22061666667,-0.0004,-0.0011,-0.0013
1.145316,1.145126,1.14516333333,1.13740666667,1.13520666667,1.16256333333,1.209535,1.25182666667,1.29679333333,-0.00116,-0.0018,-0.00213
1.57368333333,1.57613333333,1.5719,1.57213333333,1.56591666667,1.5626,1.50586666667,1.48101666667,1.43436666667,0.0015,0.0026,0.0017
1.4077,1.4106,1.4106,1.41401666667,1.41151666667,1.42862,1.42873333333,1.40228333333,1.36713333333,0.0002,0.0,0.0015
1.46056,1.46331666667,1.46468333333,1.46638333333,1.46086666667,1.43901666667,1.40303333333,1.38438333333,1.32404,-0.0018,-0.003,-0.0039
1.25343,1.25342,1.25261833333,1.25075833333,1.247644,1.25836,1.27664666667,1.31304666667,1.33023333333,0.00078,0.00301,0.00208
1.262028,1.262612,1.26003,1.25716,1.26039666667,1.27929166667,1.31767166667,1.33899833333,1.347775,-0.00101,-0.00222,-0.00107
1.24823333333,1.24828333333,1.24828333333,1.24335,1.2363,1.22914,1.22478,1.21218333333,1.23175,0.0001,-0.0004,-0.0004
1.324506,1.32514,1.32053833333,1.32104333333,1.31840166667,1.32353833333,1.30791,1.33244666667,1.382615,-0.00083,0.00183,0.00379
1.39244,1.39515,1.3944,1.39501666667,1.40241666667,1.3996,1.3613,1.35756666667,1.38278333333,0.0032,0.0038,0.0044
1.35796,1.35444,1.35036,1.35863333333,1.35638,1.2978,1.31295,1.32108333333,1.4431,0.0002,0.0019,-0.0001
1.36693333333,1.36771666667,1.3694,1.3673,1.37232,1.36915,1.35585,1.33775,1.30372,0.0004,0.0014,0.0016
1.38646666667,1.38648333333,1.38768333333,1.38716666667,1.38461666667,1.36566666667,1.36343333333,1.35788333333,1.33273333333,0.0005,0.0009,0.0008
1.2327,1.2318,1.22928333333,1.22375,1.21353333333,1.23205,1.30606,1.3608,1.37911666667,0.001,0.0003,-0.0047
1.49186,1.49198,1.4908,1.49295,1.51521666667,1.55723333333,1.547,1.53143333333,1.4794,-0.0015,-0.0007,0.0019
1.31658,1.31762,1.31828,1.32598333333,1.33981666667,1.37023333333,1.31661666667,1.39235,1.44136666667,0.0014,-0.0002,-0.0065
1.3545,1.35555,1.35958333333,1.36048333333,1.35866666667,1.32728333333,1.31431666667,1.31571666667,1.41293333333,-0.0012,-0.0055,-0.0064
1.19146666667,1.19076666667,1.18858333333,1.18745,1.19538333333,1.19948333333,1.22088333333,1.2336,1.2336,0.0002,0.0008,-0.0011
1.364136,1.36651,1.36694333333,1.36686666667,1.362635,1.362515,1.36201833333,1.34570166667,1.33409166667,-0.00101,-0.00054,0.00233
1.328066,1.329796,1.32929333333,1.325415,1.31868,1.30213833333,1.301325,1.307052,1.289285,-1.00000000001e-05,0.00049,0.0031
1.22548,1.22836666667,1.2252,1.22541666667,1.22648333333,1.27108,1.30561666667,1.3906,1.39548333333,0.0013,0.0016,0.0009
1.32964,1.32926666667,1.32133333333,1.3166,1.31435,1.32064,1.30393333333,1.29378,1.41513333333,-0.0028,-0.0019,-0.0022
1.3283,1.32903333333,1.32923333333,1.3312,1.32834,1.29901666667,1.27046,1.28181666667,1.25081666667,0.0009,0.0004,0.0008
1.32734,1.32753333333,1.33244,1.34041666667,1.35005,1.33895,1.29052,1.27211666667,1.24821666667,-0.0036,-0.0038,-0.0038
1.57304,1.5713,1.5713,1.56221666667,1.54941666667,1.51343333333,1.48551666667,1.4677,1.41955,-0.0013,0.0043,0.0061
1.3881,1.39168333333,1.39501666667,1.394,1.38884,1.38925,1.33518333333,1.29513333333,1.35586666667,0.0007,0.0014,0.0004
1.30233333333,1.30225,1.30444,1.3038,1.30406666667,1.31171666667,1.3145,1.28368333333,1.23422,-0.0001,0.0008,0.0011
1.56836,1.56813333333,1.56961666667,1.57945,1.58211666667,1.57226666667,1.55726666667,1.53731666667,1.4768,-0.0009,-0.0002,-0.0012
1.39413333333,1.39445,1.38946666667,1.39286666667,1.3948,1.35661666667,1.33011666667,1.32781666667,1.39908333333,0.0009,-0.0003,-0.001
1.56412,1.56106666667,1.55916,1.5524,1.54673333333,1.507,1.48346666667,1.4637,1.41525,0.0001,-0.0008,0.0009
1.26746,1.26764,1.26756666667,1.27905,1.27571666667,1.31945,1.33761666667,1.40388,1.41354,0.0013,0.0002,-0.0045
1.34406666667,1.34345,1.34473333333,1.33408333333,1.33056666667,1.30946666667,1.31883333333,1.32113333333,1.41261666667,0.002,0.0025,0.0035
1.45823333333,1.45441666667,1.45133333333,1.449,1.44295,1.46545,1.44885,1.41371666667,1.37213333333,0.0015,0.0017,0.0036
1.40885,1.4095,1.41031666667,1.40935,1.40065,1.37384,1.36876666667,1.36075,1.34648333333,0.0001,-0.0005,-0.0002
1.40915,1.40962,1.40663333333,1.40695,1.4141,1.396,1.36673333333,1.37218333333,1.30748,0.0002,-0.0007,-0.0006
1.33127,1.33144333333,1.33160833333,1.33182,1.33295833333,1.315884,1.297896,1.27819,1.29019333333,8.99999999999e-05,6.99999999998e-05,-0.00024
1.30283333333,1.30231666667,1.30421666667,1.30393333333,1.30396666667,1.31223333333,1.31541666667,1.28388333333,1.246,-0.0008,-0.0012,-0.0027
1.289278,1.28934333333,1.292545,1.29297166667,1.302815,1.32067166667,1.33758333333,1.35569166667,1.34128833333,-0.00013,-0.00089,-0.0008
1.26666,1.26724,1.27634,1.268,1.26933333333,1.27291666667,1.34588333333,1.44423333333,1.50506,0.0019,0.005,0.0075
1.338452,1.33827333333,1.33827333333,1.336238,1.33600166667,1.33015666667,1.314284,1.315655,1.30208666667,-0.00013,-0.0002,0.0001
1.41473333333,1.41631666667,1.41421666667,1.41183333333,1.41133333333,1.3859,1.3774,1.36396666667,1.32902,-0.0001,0.0001,0.0
1.36264,1.35754,1.36036666667,1.36608,1.36341666667,1.39574,1.43213333333,1.4589,1.38661666667,-0.0011,-0.0038,-0.0044
1.22454,1.20976,1.20943333333,1.20544,1.20771666667,1.2256,1.2112,1.22045,1.22871666667,0.0015,0.0018,0.0021
1.49636,1.49438333333,1.4917,1.48908333333,1.48243333333,1.48504,1.4617,1.43026666667,1.37331666667,0.0023,0.0037,0.0027
1.30292,1.30385,1.30523333333,1.30228333333,1.30175,1.32616,1.31461666667,1.25996,1.24748333333,0.0002,0.0005,-0.0001
1.23432,1.23391666667,1.23756666667,1.22995,1.22723333333,1.24566666667,1.24705,1.24705,1.24705,-0.0022,-0.0036,-0.0017
1.229696,1.231026,1.23572666667,1.24130333333,1.24284,1.23977,1.257195,1.29263666667,1.32692333333,-0.00178,-0.00124,-0.00152
1.42811666667,1.42811666667,1.43808333333,1.44541666667,1.45844,1.48161666667,1.55426,1.5354,1.4855,0.0002,-0.0013,-0.002
1.22332,1.2227,1.22061666667,1.21396666667,1.21373333333,1.22285,1.21835,1.20812,1.235,0.0002,0.0007,0.001
1.33603333333,1.33601666667,1.33328333333,1.33684,1.34354,1.35588,1.37808333333,1.41746666667,1.41052,0.0002,-0.0002,0.0005
1.44035,1.43968333333,1.43861666667,1.43853333333,1.43252,1.46711666667,1.47013333333,1.45595,1.40083333333,0.0001,-0.0006,-0.0013
1.27772,1.279208,1.277085,1.27435833333,1.28386,1.30301166667,1.34210166667,1.369865,1.38389166667,-0.0001,-0.00165,-0.00092
1.4624,1.4621,1.4621,1.46876666667,1.47523333333,1.49438,1.47723333333,1.43841666667,1.38561666667,0.0,0.0004,0.0005
1.336124,1.335732,1.33727666667,1.33793666667,1.33909333333,1.34909,1.357255,1.36621,1.365832,7e-05,-0.00015,-0.00022
1.3527,1.35142,1.35142,1.3548,1.36123333333,1.35608333333,1.3307,1.3308,1.32156666667,0.0008,0.0008,-0.0001
1.5448,1.54618333333,1.548,1.54843333333,1.54405,1.56293333333,1.5336,1.50781666667,1.45051666667,0.0014,0.0019,-0.0028
1.50333333333,1.50326666667,1.50236666667,1.50178333333,1.49816666667,1.47953333333,1.45268333333,1.42331666667,1.38715,-0.0001,0.0,-0.0002
1.40698,1.40498,1.40723333333,1.4071,1.41441666667,1.4411,1.41135,1.36738,1.34266666667,0.0013,-0.0013,-0.0018
1.4557,1.4588,1.45711666667,1.4568,1.44548333333,1.4308,1.3996,1.37031666667,1.31606,0.0027,0.0029,0.0023
1.30793,1.30802833333,1.30974333333,1.309815,1.31160666667,1.316172,1.30652833333,1.32677,1.37389833333,-0.00052,-0.00049,-1.00000000001e-05
1.40328333333,1.40148333333,1.40381666667,1.39752,1.40586666667,1.3868,1.3434,1.32783333333,1.38875,-0.0006,-0.0006,-0.0028
1.21498,1.21535,1.21428333333,1.21178333333,1.21813333333,1.20724,1.19468333333,1.2096,1.239,-0.0001,-0.0015,-0.0018
1.21568,1.21543333333,1.21615,1.22356,1.2217,1.22093333333,1.21778333333,1.21691666667,1.23306666667,-0.001,-0.0029,-0.0016
1.29358,1.29306666667,1.29468333333,1.29556666667,1.29236666667,1.27415,1.24545,1.22708333333,1.23763333333,0.0006,0.0015,0.0039
1.58408,1.57924,1.57688,1.5741,1.57191666667,1.55992,1.55646,1.52176,1.47955,0.0035,0.0037,0.005
1.359544,1.360298,1.36410833333,1.366066,1.36260833333,1.366905,1.36202833333,1.344854,1.33465166667,-0.00097,-0.00098,-0.00046
1.42473333333,1.42755,1.44045,1.40936666667,1.38643333333,1.30438333333,1.31296,1.43328333333,1.4769,-0.0003,0.0013,0.0025
1.369992,1.368314,1.36845166667,1.36823,1.36049,1.364132,1.362035,1.34711833333,1.334925,-0.00074,-0.00115,-0.0018
1.369888,1.37104,1.374095,1.376034,1.38163166667,1.38277333333,1.37436,1.366025,1.35082666667,0.00085,0.00099,0.00092
1.29358,1.29554,1.29563333333,1.29425,1.29535,1.29996666667,1.29781666667,1.28171666667,1.25693333333,0.0003,0.0002,0.0008
1.29593333333,1.29581666667,1.29598,1.30353333333,1.31161666667,1.32318333333,1.31793333333,1.29236,1.26188333333,-0.0007,-0.0005,-0.0008
1.157388,1.156858,1.157224,1.15792333333,1.16605666667,1.19155,1.23848,1.28091,1.30058666667,-0.00109,0.00025,-0.00019
1.23976666667,1.23881666667,1.23405,1.22905,1.22883333333,1.24606666667,1.24695,1.24695,1.24695,-0.0003,-0.0008,0.0
1.43368333333,1.4317,1.42886666667,1.4288,1.43126666667,1.43593333333,1.44158,1.39626666667,1.35586666667,-0.0004,-0.002,-0.0045
1.20986,1.20793333333,1.20806666667,1.21105,1.22016666667,1.21541666667,1.22093333333,1.22148333333,1.23655,-0.0018,-0.0009,-0.0007
1.29206666667,1.28934,1.29523333333,1.29558333333,1.2898,1.30895,1.30691666667,1.30138333333,1.25613333333,0.0003,-0.0006,-0.0007
1.322008,1.32197,1.321005,1.320725,1.33265333333,1.32149166667,1.30858,1.34591333333,1.37587166667,-0.00041,-0.00043,-0.00158
1.23066,1.23045,1.22715,1.22186,1.22308333333,1.22541666667,1.22146666667,1.25793333333,1.25726666667,-0.0003,-0.0011,-0.0025
1.52198333333,1.5187,1.51234,1.50236666667,1.49248,1.47202,1.46885,1.44536666667,1.40511666667,0.0009,-0.0014,-0.0021
1.58965,1.59044,1.58946666667,1.59036,1.57624,1.56621666667,1.57031666667,1.531,1.48065,0.0009,0.001,0.0024
1.246642,1.24874,1.24855166667,1.24926,1.25520333333,1.25266666667,1.294964,1.29093166667,1.33634,-0.00019,-0.00145,-0.00038
1.17758333333,1.17746,1.17761666667,1.17375,1.17241666667,1.19396,1.20921666667,1.21996666667,1.25225,0.0002,-0.0004,0.0034
1.32623333333,1.32861666667,1.3322,1.33376666667,1.32156666667,1.34911666667,1.35286666667,1.30903333333,1.34796666667,-0.0013,-0.0005,0.0006
1.29930666667,1.301095,1.302085,1.30168833333,1.311286,1.31269166667,1.32302,1.32387833333,1.35639333333,0.00037,-0.00068,-0.00186
1.27751666667,1.27978333333,1.28363333333,1.2818,1.27965,1.27826,1.23735,1.21878333333,1.229,0.0004,0.0008,0.0013
1.31752,1.3192,1.32615,1.34166,1.33646,1.32065,1.31656,1.32516666667,1.41025,0.0016,0.0017,0.0037
1.50898333333,1.50913333333,1.50628333333,1.5039,1.50336666667,1.49216666667,1.4758,1.44883333333,1.33962,-0.0009,-0.0005,-0.0001
1.250166,1.249282,1.25121333333,1.2515,1.261396,1.25203666667,1.28974666667,1.29449,1.341895,4e-05,-0.00015,5.00000000001e-05
1.247902,1.25189,1.25280166667,1.2545,1.256055,1.28673,1.314526,1.30520666667,1.34756833333,-0.00027,-5.00000000001e-05,0.00097
1.236174,1.238278,1.23959833333,1.23872333333,1.23267833333,1.22446333333,1.25373166667,1.28415833333,1.31628666667,-0.00026,4.99999999999e-05,-0.00278
1.21791666667,1.2186,1.21906666667,1.2199,1.22233333333,1.21663333333,1.21753333333,1.21658333333,1.23468333333,-0.0003,-0.0001,-0.0001
1.28424,1.28502,1.28028333333,1.28128333333,1.28425,1.26186666667,1.2122,1.20945,1.22443333333,-0.0001,0.0004,-0.0003
1.376674,1.379692,1.38344833333,1.388315,1.38907666667,1.37928333333,1.366638,1.36565,1.340575,0.00025,0.00073,0.00109
1.30725,1.308144,1.30909,1.305186,1.30159666667,1.28717333333,1.287035,1.26634833333,1.299635,-0.00092,-7.99999999999e-05,0.0009
1.269988,1.26971333333,1.26971333333,1.27610833333,1.289165,1.30255833333,1.344005,1.37043666667,1.37742333333,-0.00156,-0.00037,0.0001
1.39614,1.39683333333,1.39165,1.39241666667,1.39586,1.39605,1.36311666667,1.35241666667,1.38661666667,0.0025,0.0071,0.0071
1.376164,1.37551,1.37503833333,1.37462666667,1.37524666667,1.35611,1.35796666667,1.34295,1.33046833333,-0.00049,0.00054,0.00099
1.40016666667,1.39938333333,1.4,1.4008,1.37558333333,1.35171666667,1.32166666667,1.32353333333,1.41633333333,-0.0005,-0.0013,-0.0007
1.255662,1.25365,1.25429166667,1.247428,1.247185,1.262075,1.28437166667,1.31496,1.33460166667,-0.00055,-0.0005,-0.0012
1.34684,1.34546,1.34951666667,1.35063333333,1.35933333333,1.35833333333,1.33178333333,1.32665,1.3235,0.0002,0.0005,-0.0007
1.36238,1.35694,1.36008333333,1.35943333333,1.34713333333,1.326,1.3437,1.33698333333,1.33171666667,0.0031,0.0023,0.0012
1.32824,1.3251,1.32505,1.32305,1.32681666667,1.30585,1.28668333333,1.27931666667,1.25401666667,-0.0001,0.0003,0.0008
1.378515,1.37871833333,1.37975333333,1.380648,1.38103,1.38049333333,1.37047666667,1.36349166667,1.34417166667,3e-05,-0.00021,-0.00039
1.44442,1.4486,1.45705,1.46418333333,1.46732,1.46508333333,1.4361,1.39798333333,1.35572,-0.0006,0.0008,-0.0007
1.47818333333,1.47178333333,1.46644,1.46246666667,1.46005,1.43966666667,1.41076666667,1.3583,1.33758333333,0.0001,0.0001,0.0
1.38381,1.38243833333,1.38136,1.38236833333,1.384215,1.381106,1.371505,1.37025833333,1.324714,0.00044,0.00021,5.00000000001e-05
1.20458333333,1.20306,1.2014,1.20303333333,1.20166,1.20173333333,1.196,1.19652,1.22448333333,0.0009,0.0011,0.0023
1.2891,1.28932,1.2831,1.28665,1.28871666667,1.26075,1.26785,1.31976,1.37598333333,0.0004,0.001,0.0008
1.352384,1.352568,1.35280833333,1.356824,1.357175,1.35846166667,1.36837833333,1.36725166667,1.358682,-3.99999999998e-05,3.00000000002e-05,0.0004
1.43863333333,1.43866666667,1.43826,1.43776666667,1.43863333333,1.4637,1.44171666667,1.40326666667,1.36791666667,-0.0003,0.0002,0.0006
1.46772,1.46671666667,1.4618,1.4616,1.4519,1.42666,1.43798333333,1.39748333333,1.34198333333,0.0007,0.0012,0.0016
1.380626,1.38072,1.38072,1.380582,1.37517833333,1.35974333333,1.34419,1.33429333333,1.32310833333,0.00032,0.00105,0.00115
1.36013,1.360142,1.360646,1.36201333333,1.363292,1.376204,1.379132,1.36687166667,1.35142333333,0.00042,0.00089,0.00035
1.54598,1.54638333333,1.54195,1.5439,1.54536666667,1.57008,1.54243333333,1.50366666667,1.44105,-0.0019,-0.0015,-0.0026
1.2596,1.25823333333,1.25761666667,1.25876,1.25976666667,1.27168333333,1.24732,1.22513333333,1.2197,0.0,-0.0003,-0.0006
1.3167,1.31695,1.31621666667,1.31425,1.31556666667,1.31976,1.28935,1.28375,1.2371,0.0003,0.0002,0.0014
1.25436,1.25442,1.25461666667,1.25651666667,1.25615,1.26376666667,1.26856666667,1.27103333333,1.24006666667,0.0013,0.0014,0.0016
1.43868333333,1.43548,1.43525,1.43888333333,1.44456666667,1.46341666667,1.43963333333,1.40065,1.3693,-0.0006,-0.0025,-0.0039
1.288788,1.288755,1.288755,1.293375,1.27956666667,1.286224,1.328975,1.36310166667,1.40548,0.00011,0.00041,-0.00059
1.23162,1.22961666667,1.22836666667,1.2376,1.23402,1.27705,1.32313333333,1.37561666667,1.42492,-0.001,-0.0022,-0.002
1.25284,1.25198333333,1.25303333333,1.25361666667,1.23823333333,1.22165,1.279,1.3285,1.38918333333,-0.0011,-0.0005,0.0029
1.3284,1.32806666667,1.3299,1.32943333333,1.32798333333,1.30311666667,1.26228333333,1.25628333333,1.24228333333,0.0,0.0,0.0008
1.38846666667,1.39045,1.3929,1.39816666667,1.39586666667,1.35548,1.3171,1.2952,1.36988333333,-0.0011,0.001,-0.0004
1.25921666667,1.25833333333,1.25704,1.25711666667,1.25728,1.26373333333,1.27021666667,1.26935,1.24216,-0.0001,-0.0004,-0.0007
1.3025,1.30375,1.30325,1.30308,1.29853333333,1.28708333333,1.2511,1.23213333333,1.24081666667,-0.0007,-0.0008,-0.0021
1.4701,1.46828333333,1.46665,1.46281666667,1.45874,1.44105,1.42288333333,1.38094,1.36098333333,-0.0009,0.0006,0.0015
1.3043,1.303096,1.30537166667,1.304685,1.29393333333,1.306935,1.307444,1.31235166667,1.29619833333,0.00066,-0.00147,-0.0003
1.2902,1.28826,1.28605,1.27038,1.2684,1.28983333333,1.31848,1.35001666667,1.46418,0.0004,0.0047,-0.0024
1.35416666667,1.35161666667,1.34946666667,1.34376666667,1.34071666667,1.3301,1.27356,1.25338333333,1.22896,-0.0002,-0.0009,-0.0007
1.31843,1.32012,1.31977333333,1.327055,1.33065666667,1.34025,1.3222,1.29429333333,1.286094,0.00013,-0.00137,-0.00105
1.39296666667,1.39225,1.38493333333,1.38796666667,1.38968333333,1.3805,1.3305,1.28294,1.35533333333,0.0001,0.0001,-0.0006
1.310694,1.310782,1.31140833333,1.31016166667,1.31059,1.304344,1.311865,1.30421,1.28614,-0.0002,-0.00063,-0.00476
1.58648,1.58576,1.58472,1.59,1.5887,1.56678,1.56918333333,1.53361666667,1.48288333333,0.0007,-0.0009,0.0001
1.38755,1.38753333333,1.38748,1.38708,1.38575,1.3671,1.36465,1.35848333333,1.33406666667,0.0004,-0.0004,0.0002
1.271244,1.271965,1.27005,1.268245,1.26798166667,1.277502,1.30954166667,1.33575333333,1.349365,-0.00093,-0.00052,-0.00364
1.333162,1.334186,1.333866,1.33215333333,1.32809833333,1.30630833333,1.30258166667,1.31294,1.28903333333,0.00036,-0.00012,0.00046
1.36321666667,1.36322,1.36545,1.37323333333,1.37245,1.34065,1.34851666667,1.3332,1.32308333333,0.0003,0.0002,0.0003
1.4039,1.40373333333,1.40746666667,1.40585,1.40411666667,1.40915,1.35122,1.34438333333,1.37405,-0.0026,-0.0024,-0.0014
1.343708,1.343844,1.34108,1.34236,1.33357333333,1.321965,1.313405,1.34834333333,1.37271833333,0.00127,0.00101,0.00278
1.47116666667,1.47156,1.46863333333,1.46326666667,1.46195,1.4401,1.42046666667,1.3822,1.35896666667,-0.0001,-0.0009,-0.0001
1.32146666667,1.31693333333,1.31345,1.31472,1.31356666667,1.32061666667,1.35523333333,1.3197,1.34545,0.0021,0.0006,0.0012
1.50072,1.50251666667,1.5003,1.49788333333,1.4953,1.47074,1.45383333333,1.40644,1.38485,-0.0001,-0.0011,0.0012
1.319368,1.31983,1.31983,1.31990833333,1.329405,1.344936,1.32084333333,1.29700166667,1.292652,-0.00155,-0.00139,-0.0012
1.249448,1.252954,1.25337333333,1.250312,1.24641333333,1.261618,1.28405333333,1.327236,1.35094,0.00048,0.00081,0.00081
1.35033333333,1.34788333333,1.35425,1.35876,1.35846666667,1.40631666667,1.46528333333,1.53478,1.51134,-0.0012,-0.0042,-0.0134
1.43964,1.44033333333,1.43595,1.4313,1.43015,1.4353,1.4416,1.3901,1.35441666667,-0.0018,-0.0024,-0.0009
1.19755,1.19754,1.19788,1.19686666667,1.18918333333,1.20256,1.22926666667,1.23425,1.23425,0.0001,-0.0012,-0.0007
1.361045,1.361098,1.361995,1.36171,1.36076166667,1.35963833333,1.37213833333,1.371075,1.34384333333,-4.99999999999e-05,5.00000000001e-05,-1.99999999999e-05
1.35788333333,1.35526,1.35493333333,1.35508333333,1.34918,1.33876666667,1.31765,1.31031666667,1.28463333333,-0.0006,-0.0012,-0.0018
1.319958,1.32069,1.32090333333,1.320538,1.335314,1.32175333333,1.30846,1.34731166667,1.37504666667,0.00125,-8.00000000001e-05,0.00021
1.314854,1.313398,1.31087666667,1.311522,1.31697833333,1.32119833333,1.30470333333,1.33354166667,1.36907833333,-0.00025,4.99999999999e-05,0.00039
1.34602,1.34428,1.34621666667,1.35332,1.35983333333,1.33003333333,1.3096,1.31165,1.41415,-0.0011,0.0006,-0.0004
1.32941666667,1.3306,1.33014,1.3307,1.32775,1.30086666667,1.27968333333,1.28191666667,1.25215,0.0009,-0.0006,0.0012
1.27583333333,1.2772,1.28062,1.27748333333,1.27501666667,1.27371666667,1.26868333333,1.23594,1.2262,0.0002,0.0004,0.0005
1.26205,1.25958,1.2576,1.25765,1.26171666667,1.28235,1.31068,1.32366,1.26855,-0.0005,-0.0018,-0.0033
1.292014,1.290756,1.29089666667,1.289645,1.288535,1.28518,1.25615,1.263628,1.29593,0.00013,-9.99999999984e-06,0.00063
1.45051666667,1.44953333333,1.44776666667,1.445,1.44063333333,1.46628,1.44646666667,1.40462,1.37138333333,-0.0003,-0.0017,-0.0004
1.306098,1.3066,1.29761833333,1.285278,1.288194,1.31155,1.305125,1.31531,1.29738833333,0.00068,-0.00437,-0.00292
1.2843,1.28031666667,1.28031666667,1.27608333333,1.27655,1.32656666667,1.45348,1.47955,1.49206,0.0016,0.0001,0.0008
1.2635,1.26288,1.25956,1.25813333333,1.25885,1.26528333333,1.27048333333,1.27225,1.24553333333,-0.0001,0.0002,0.0024
1.46055,1.46005,1.45872,1.46128,1.46138333333,1.44163333333,1.3926,1.38493333333,1.34795,0.0006,0.0019,0.0023
1.39342,1.39126666667,1.39098333333,1.39005,1.39886666667,1.42013333333,1.45096666667,1.45015,1.38736666667,-0.0001,0.0016,0.0023
1.31902,1.3156,1.3084,1.3107,1.30715,1.3194,1.30653333333,1.302,1.41125,-0.0007,-0.0001,0.0002
1.43578,1.4366,1.4389,1.42723333333,1.41886,1.42548,1.43404,1.40911666667,1.37261666667,0.0009,0.0006,0.0004
1.34110833333,1.341285,1.34607333333,1.350224,1.34921166667,1.35944333333,1.346306,1.329428,1.318525,0.0002,0.00028,7e-05
1.320652,1.32098,1.31966333333,1.318834,1.32235,1.33507333333,1.34752166667,1.35721333333,1.355486,-0.00088,-0.00089,-0.00394
1.43928,1.43792,1.44223333333,1.4364,1.42688,1.43145,1.43045,1.42551666667,1.3794,0.0011,0.0008,0.0
1.4742,1.47376,1.47433333333,1.47148,1.47465,1.50933333333,1.5471,1.55208,1.48661666667,0.0008,0.0021,-0.001
1.34636666667,1.34631666667,1.34621666667,1.34643333333,1.34291666667,1.34208333333,1.34958333333,1.3287,1.2994,0.0,-0.0015,-0.0017
1.33011666667,1.33081666667,1.33375,1.33693333333,1.33796666667,1.31555,1.31266,1.28664,1.25995,-0.0003,0.0001,0.001
1.45985,1.46045,1.45726,1.45566666667,1.4459,1.43025,1.42773333333,1.36258,1.3478,-0.0007,-0.0001,-0.0025
1.279906,1.27788666667,1.27782,1.27863166667,1.263952,1.25050333333,1.25287833333,1.27465,1.3175,0.00125,0.00081,0.00029
1.35346,1.35278833333,1.350854,1.35104166667,1.34812333333,1.35962666667,1.34479,1.32639,1.32275,-0.00031,-4e-05,-0.00044
1.31028333333,1.30938333333,1.31298,1.3129,1.31776666667,1.31045,1.3105,1.289,1.2772,-0.0001,-0.0004,0.0008
1.18313333333,1.18268,1.18576666667,1.18605,1.1866,1.20076666667,1.23116666667,1.23678333333,1.23678333333,0.0001,0.0,-0.002
1.3285,1.3301,1.331,1.33783333333,1.33395,1.30946,1.26901666667,1.23616,1.23012,0.002,0.0008,0.0014
1.285,1.28504666667,1.285982,1.28477,1.28765333333,1.300355,1.32935833333,1.362468,1.35093,-0.00034,-0.00014,0.00042
1.2188,1.2181,1.2164,1.21421666667,1.2066,1.20473333333,1.23603333333,1.27101666667,1.2672,0.0013,0.0004,-0.0001
1.21808,1.21782,1.21736666667,1.2169,1.22976,1.22616,1.2243,1.26848,1.25956666667,0.0018,0.002,0.0017
1.23124,1.23028333333,1.22543333333,1.22343333333,1.22228333333,1.22456666667,1.22215,1.25811666667,1.25598333333,-0.0018,-0.0004,-0.0005
1.18424,1.18445,1.1854,1.19118333333,1.2039,1.1944,1.2339,1.23023333333,1.23023333333,-0.0014,-0.0011,-0.0015
1.377374,1.377426,1.37693,1.37665166667,1.37855333333,1.386256,1.37166,1.36601666667,1.338195,7e-05,2.00000000001e-05,-0.0003
1.35432,1.35541,1.35640333333,1.35539666667,1.35460833333,1.36049833333,1.37226166667,1.36888,1.35209166667,-0.00015,0.00033,-0.00024
1.22202,1.22223333333,1.2257,1.22846,1.23305,1.23622,1.21748333333,1.25318333333,1.25743333333,-0.0002,-0.0001,0.0006
1.22806,1.22738,1.23048333333,1.23216,1.23368333333,1.22168333333,1.21985,1.2164,1.22728333333,0.0003,0.0005,-0.0004
1.3028,1.30073333333,1.29526666667,1.29525,1.29298333333,1.30016666667,1.31176,1.31366666667,1.24972,-0.0006,-0.0008,-0.0014
1.33584,1.33682,1.33536666667,1.33511666667,1.33771666667,1.34686666667,1.35878333333,1.4143,1.39736666667,-0.002,-0.0047,-0.0049
1.321482,1.3196,1.31857,1.31837166667,1.31742,1.33060666667,1.32285,1.30811833333,1.309905,0.00188,0.00092,0.00258
1.2748,1.2737,1.27241666667,1.26368,1.26484,1.24665,1.26923333333,1.32666,1.37941666667,0.0,0.001,-0.0014
1.20471666667,1.20165,1.20126666667,1.2039,1.20768,1.20458333333,1.2343,1.26393333333,1.27074,0.0001,0.0009,0.0023
1.38136666667,1.38155,1.38226666667,1.38202,1.38145,1.36596666667,1.35354,1.33596666667,1.31911666667,0.0008,-0.0002,-0.0018
1.35356,1.35738,1.36072,1.36196666667,1.35793333333,1.3285,1.31476666667,1.31728333333,1.41138333333,0.0004,0.0037,0.0035
1.45813333333,1.45443333333,1.45113333333,1.44895,1.4431,1.46551666667,1.44901666667,1.4137,1.37223333333,0.0005,0.0027,0.004
1.3672,1.3696,1.37373333333,1.37304,1.37045,1.36171666667,1.39313333333,1.44346666667,1.40063333333,0.0011,0.0017,0.0032
1.4485,1.44816666667,1.45613333333,1.4681,1.4706,1.4695,1.46513333333,1.43133333333,1.39526666667,0.0004,0.0005,0.0013
1.25568,1.25378333333,1.25768333333,1.26391666667,1.27422,1.31533333333,1.34732,1.38066666667,1.38633333333,-0.0015,-0.0038,-0.0073
1.30425,1.305446,1.301312,1.30001,1.29031666667,1.292585,1.31537333333,1.30649666667,1.29169333333,-0.00075,-0.00025,-0.00028
1.227,1.22994,1.22991666667,1.22383333333,1.21663333333,1.22901666667,1.29425,1.3596,1.38045,0.0024,0.0035,0.0047
1.25592,1.25382,1.25413333333,1.25616666667,1.26098333333,1.26933333333,1.2773,1.261,1.22414,-0.0002,-0.0007,-0.0009
1.39166,1.39175,1.38658333333,1.39035,1.3906,1.34313333333,1.29644,1.3029,1.36675,0.0008,0.0013,0.0028
1.21105,1.21063333333,1.20378333333,1.19722,1.20158333333,1.2378,1.29478333333,1.34385,1.38145,-0.0004,0.0003,0.0034
1.43588,1.43421666667,1.43396666667,1.43785,1.45661666667,1.4345,1.4211,1.39071666667,1.3466,-0.0019,-0.0007,0.0002
1.305424,1.305456,1.308792,1.311762,1.31718,1.32136333333,1.312942,1.338575,1.37547,-0.00088,0.00015,0.00205
1.21522,1.21451666667,1.21588333333,1.21621666667,1.2194,1.2191,1.22038,1.2169,1.23261666667,0.0003,0.0,0.0013
1.152532,1.155506,1.161888,1.171465,1.17302666667,1.211986,1.22761833333,1.26305666667,1.331646,0.00273,0.00158,0.00309
1.54765,1.54696666667,1.54598333333,1.54741666667,1.5455,1.55922,1.53264,1.51141666667,1.45291666667,-0.0008,-0.001,-0.0013
1.257354,1.256454,1.25929333333,1.26757666667,1.26972333333,1.29477,1.30951833333,1.30671333333,1.34402333333,-0.00214,-0.00119,0.00138
1.22043333333,1.22093333333,1.22443333333,1.22362,1.21906666667,1.20836666667,1.20996666667,1.20583333333,1.22758333333,-0.0001,0.0005,0.0
1.226222,1.227366,1.22667666667,1.22746,1.21993,1.230835,1.25775833333,1.295302,1.324875,0.0015,0.00094,-1.99999999999e-05
1.25774,1.25044,1.24922,1.2539,1.26276,1.2619,1.2619,1.2619,1.2619,0.0033,0.0045,0.0036
1.55928333333,1.55966,1.55566666667,1.55168333333,1.55141666667,1.5597,1.56098,1.5164,1.44282,0.001,0.0074,0.0084
1.3986,1.39835,1.39835,1.40318333333,1.40031666667,1.3917,1.34528333333,1.34543333333,1.3894,-0.0012,-0.0001,-0.0018
1.45224,1.45126666667,1.45005,1.44491666667,1.43358,1.43313333333,1.44326666667,1.42176666667,1.37548333333,-0.0019,-0.0031,-0.0019
1.314184,1.31242166667,1.31552166667,1.31786,1.331156,1.32105166667,1.31123166667,1.34189833333,1.384034,0.00015,0.00019,7e-05
1.20306666667,1.20321666667,1.20315,1.20681666667,1.2147,1.23184,1.22224,1.24028333333,1.26008333333,0.001,0.0022,0.0015
1.483,1.48264,1.4817,1.48225,1.481,1.47423333333,1.47026666667,1.43815,1.3957,0.0007,-0.0006,-0.0003
1.19083333333,1.1922,1.19133333333,1.1919,1.19804,1.2108,1.26184,1.28191666667,1.27076,-0.0002,0.0004,0.0009
1.32706,1.32918333333,1.33103333333,1.33331666667,1.33176,1.32376666667,1.29564,1.3051,1.40953333333,0.0009,0.0032,0.0065
1.363608,1.36359333333,1.36477666667,1.363916,1.35894833333,1.36227333333,1.362148,1.35832,1.33024833333,0.00053,0.0002,0.00015
1.58091666667,1.57986666667,1.57724,1.57813333333,1.57226666667,1.55452,1.56548333333,1.53218,1.47683333333,0.0004,0.0005,0.0004
1.56906666667,1.57036,1.57453333333,1.57535,1.57422,1.55503333333,1.5584,1.52348333333,1.4534,-0.0002,-0.0012,-0.0015
1.37729,1.376975,1.37647166667,1.3754,1.37651833333,1.36317833333,1.36221666667,1.34206,1.32786166667,-0.00013,-0.00022,7.99999999999e-05
1.35384333333,1.35420666667,1.35578833333,1.360376,1.360825,1.36463166667,1.38156,1.373572,1.353322,0.00036,-0.00028,-0.0007
1.2438,1.23831666667,1.23716666667,1.23673333333,1.23888333333,1.22595,1.21365,1.2269,1.23928333333,0.0002,0.0004,-0.0004
1.18836666667,1.1878,1.18878333333,1.18913333333,1.19212,1.20465,1.193,1.20013333333,1.23684,0.0035,0.0025,0.0004
1.33776,1.33966,1.33996,1.34231666667,1.34628333333,1.34673333333,1.36961666667,1.4211,1.39266666667,-0.0008,-0.0015,-0.0005
1.41798333333,1.41755,1.41701666667,1.42148333333,1.4178,1.39348333333,1.37988333333,1.36395,1.34468333333,-0.0003,-0.0002,-0.0003
1.28806,1.28758,1.28658333333,1.28586,1.2906,1.29068333333,1.30231666667,1.3015,1.2647,0.001,0.0023,0.0078
1.56088,1.56635,1.56843333333,1.58241666667,1.58385,1.5678,1.51886666667,1.49291666667,1.44445,0.0028,0.0004,0.0046
1.302216,1.30101666667,1.30019666667,1.29993333333,1.29533833333,1.29835,1.29892166667,1.314965,1.279025,0.00071,0.00179,0.0
1.234294,1.235356,1.23649,1.24191166667,1.24817833333,1.289416,1.29786166667,1.316022,1.35556333333,9.99999999984e-06,-0.00018,0.00054
1.310548,1.311878,1.302616,1.29462666667,1.29055333333,1.261605,1.25536666667,1.27895666667,1.321878,0.00026,0.00093,0.00169
1.3865,1.386,1.3892,1.38402,1.39048333333,1.37958333333,1.33015,1.28018,1.35586666667,-0.0028,-0.0018,-0.0021
1.58864,1.59171666667,1.58966666667,1.58826,1.588,1.57821666667,1.56825,1.5401,1.46248,-0.0015,-0.0038,-0.0084
1.27698333333,1.27516666667,1.27583333333,1.2806,1.27458333333,1.27371666667,1.27371666667,1.27371666667,1.27371666667,0.0016,-0.0003,-0.0006
1.219212,1.22018166667,1.220815,1.21989333333,1.22181333333,1.23545166667,1.24895833333,1.289825,1.32441166667,0.00045,-3e-05,-0.00117
1.24995,1.25098333333,1.25178333333,1.25726,1.26335,1.2648,1.25853333333,1.23101666667,1.21538333333,0.0015,0.0012,0.0009
1.58768333333,1.58412,1.58234,1.58216666667,1.58803333333,1.56906,1.5254,1.4985,1.44321666667,0.0006,0.0011,0.0028
1.43172,1.42378,1.42376666667,1.43053333333,1.42408333333,1.42943333333,1.4298,1.42615,1.3859,0.0004,0.0011,0.0022
1.24943333333,1.24974,1.25115,1.25494,1.26193333333,1.26592,1.25895,1.23011666667,1.21668333333,0.0007,0.0012,0.0004
1.36031666667,1.3607,1.35738333333,1.3684,1.37268333333,1.38534,1.38665,1.40465,1.40166666667,-0.0002,0.0006,-0.0017
1.58536666667,1.58365,1.5876,1.59158333333,1.58548333333,1.56905,1.5718,1.5342,1.48276666667,-0.0004,-0.0006,0.0008
1.34934,1.3523,1.35792,1.3581,1.35463333333,1.38026666667,1.4096,1.41688333333,1.37948333333,0.0001,-0.001,-0.0072
1.2987,1.29843333333,1.29312,1.28813333333,1.27936666667,1.27966666667,1.27485,1.29913333333,1.37108333333,0.0009,0.0023,-0.0005
1.25686,1.25555,1.25676666667,1.2587,1.26942,1.27798333333,1.24226,1.2241,1.2172,0.0007,0.0016,0.0021
1.27418333333,1.28126666667,1.28426666667,1.28345,1.2832,1.25231666667,1.22256666667,1.20835,1.22391666667,-0.0004,-0.0018,0.0007
1.351388,1.351492,1.34963166667,1.350145,1.366822,1.36104333333,1.34152,1.329454,1.319805,3e-05,0.0002,0.00081
1.35683333333,1.35678333333,1.36206,1.36326666667,1.35318333333,1.3284,1.30676,1.31905,1.41758333333,-0.0014,0.0001,-0.0011
1.346114,1.345816,1.34399166667,1.34839833333,1.34793333333,1.35410166667,1.34468333333,1.32477833333,1.321585,4e-05,0.00139,0.00124
1.36254,1.36254,1.36254,1.358,1.35723333333,1.37461666667,1.43314,1.43758333333,1.393,0.0002,0.0015,0.0012
1.368526,1.368682,1.36834,1.36678,1.36385333333,1.359842,1.37298,1.37054666667,1.34612,0.00015,9.00000000001e-05,-0.00031
1.319868,1.319715,1.319715,1.32335,1.33629,1.322915,1.312125,1.34539666667,1.37673333333,-0.00024,-0.00023,0.0
1.46756,1.46445,1.4657,1.4723,1.48086,1.46395,1.46394,1.42913333333,1.38005,-0.0021,-0.003,-0.0056
1.20128,1.20071666667,1.20336,1.2044,1.20338333333,1.19926666667,1.19818333333,1.19731666667,1.22586666667,-0.0014,-0.0013,-0.0014
1.310826,1.31162333333,1.31366166667,1.310238,1.30955,1.30922,1.30873166667,1.31548333333,1.29241,-0.00146,-0.00151,-0.00173
1.294944,1.294382,1.295396,1.29884,1.304035,1.31081166667,1.31859166667,1.32288666667,1.372606,0.00076,0.00178,0.00151
1.313368,1.311616,1.309024,1.30842333333,1.310114,1.316975,1.310746,1.32383833333,1.36744833333,0.0007,0.00037,-3e-05
1.47968,1.47551666667,1.46996666667,1.47048333333,1.46935,1.44458,1.4203,1.3969,1.36595,0.0003,-0.0005,-0.0021
1.46036666667,1.46062,1.46373333333,1.46433333333,1.46848333333,1.49375,1.53438333333,1.5576,1.48635,0.0,0.0,0.0006
1.36628333333,1.36666666667,1.36715,1.36555,1.35463333333,1.3627,1.36003333333,1.34748333333,1.30436,0.0,-0.0009,-0.0011
1.20056,1.20728,1.20653333333,1.20806666667,1.20961666667,1.2091,1.18931666667,1.20661666667,1.234,0.0023,0.0012,0.0045
1.36652,1.36401666667,1.3656,1.36796666667,1.37516,1.4165,1.42493333333,1.42985,1.3727,0.0006,0.0001,0.0004
1.23631666667,1.23598333333,1.22715,1.22776,1.23743333333,1.28842,1.31816666667,1.40214,1.39253333333,-0.0011,-0.001,0.0016
1.2658,1.26406666667,1.26033333333,1.26078333333,1.27203333333,1.27523333333,1.31361666667,1.3668,1.48662,-0.0042,-0.004,-0.0062
1.26314,1.26521666667,1.27064,1.26621666667,1.27636666667,1.2732,1.34648333333,1.44323333333,1.46663333333,0.0004,0.0023,0.0045
1.26323333333,1.26193333333,1.25784,1.25318,1.26036666667,1.26601666667,1.26455,1.23596666667,1.2118,0.0018,0.0022,0.0013
1.364892,1.366338,1.36568,1.36412666667,1.35911666667,1.36306,1.361214,1.355778,1.33179333333,0.00044,0.00043,-0.00151
1.29706,1.29803333333,1.30203333333,1.2989,1.29673333333,1.28126666667,1.23928,1.22765,1.23743333333,-0.0006,-0.0005,-0.0014
1.32934,1.33212,1.34693333333,1.35065,1.35108333333,1.30113333333,1.31181666667,1.32084,1.41921666667,0.0004,0.0006,0.0018
1.23818,1.23468333333,1.22844,1.22996666667,1.22971666667,1.2359,1.24545,1.24545,1.24545,-0.0003,0.0,0.0001
1.310366,1.310352,1.302845,1.29970833333,1.29721666667,1.29212333333,1.33447166667,1.374996,1.38503166667,4.99999999999e-05,-0.00019,0.00056
1.42723333333,1.42805,1.4287,1.42758333333,1.41443333333,1.43876,1.42104,1.36948,1.34968333333,-0.0008,-0.0007,-0.0002
1.43658333333,1.43658333333,1.43658333333,1.42855,1.44843333333,1.47706666667,1.55148,1.54251666667,1.48785,-0.0016,-0.0036,-0.0044
1.2686,1.26796666667,1.26756666667,1.26496,1.26428333333,1.26428333333,1.26428333333,1.26428333333,1.26428333333,-0.0002,-0.0008,0.0003
1.44698333333,1.44726666667,1.44593333333,1.44456666667,1.4378,1.41951666667,1.3832,1.38061666667,1.34025,0.0002,0.0004,0.0006
1.58566666667,1.58451666667,1.58502,1.58876666667,1.58733333333,1.57096666667,1.56671666667,1.5312,1.48118333333,-0.0004,0.0007,0.0012
1.239852,1.232914,1.23319666667,1.24001166667,1.24305,1.24674,1.26594166667,1.30638666667,1.33265833333,0.00187,0.00053,-0.00484
1.34975,1.35105,1.35193333333,1.34928333333,1.34705,1.34922,1.34182,1.32522,1.30171666667,0.0007,0.0008,0.0009
1.24841666667,1.24871666667,1.24975,1.25193333333,1.2402,1.23108,1.2239,1.26065,1.25943333333,-0.0007,-0.001,-0.0013
1.277724,1.276304,1.27582666667,1.277468,1.271676,1.271665,1.306885,1.335235,1.365158,0.00059,-0.00097,-0.00029
1.376104,1.375368,1.37577166667,1.37781833333,1.379118,1.363405,1.34177166667,1.33291666667,1.324885,8.00000000001e-05,0.00029,0.00041
1.246598,1.246214,1.24611,1.23988333333,1.23562166667,1.22761333333,1.243185,1.28417166667,1.32298333333,-0.00218,-0.00271,-0.00201
1.353962,1.35381666667,1.35293666667,1.35399666667,1.35585333333,1.34496333333,1.33288166667,1.31843,1.305778,0.00017,0.00107,0.00199
1.21751666667,1.21816,1.21816,1.21778333333,1.20322,1.19176,1.20282,1.20493333333,1.23685,-0.0001,0.0001,-0.0003
1.31869,1.31952666667,1.31952666667,1.318485,1.32922166667,1.34467,1.31993666667,1.29726833333,1.29698833333,0.00031,0.0003,0.00031
1.240832,1.238858,1.243558,1.239205,1.23683666667,1.24219333333,1.261485,1.29625333333,1.33320166667,-3e-05,-0.00105,-0.00038
1.325848,1.326366,1.32365,1.31409166667,1.30949,1.313635,1.30364666667,1.27980666667,1.28249,0.00215,0.0066,0.00637
1.39048,1.39251666667,1.39334,1.40203333333,1.40625,1.35681666667,1.32965,1.40963333333,1.4631,0.0074,0.0055,0.0039
1.27423333333,1.27386666667,1.28368,1.28746,1.28235,1.2545,1.2213,1.20803333333,1.22271666667,0.0009,0.0015,0.0025
1.26592,1.26525,1.2679,1.26983333333,1.26953333333,1.28791666667,1.25898,1.29073333333,1.36156666667,0.0003,-0.0002,0.0013
1.58424,1.58878333333,1.58908333333,1.58832,1.58703333333,1.57646666667,1.56491666667,1.5405,1.48261666667,0.0001,-0.0008,-0.0021
1.2287,1.22938333333,1.22798,1.2247,1.21498333333,1.20623333333,1.1984,1.20512,1.23862,0.0017,0.0017,0.0
1.28245,1.28385,1.28841666667,1.2862,1.28781666667,1.31051666667,1.30093333333,1.29545,1.251,-0.0001,-0.0002,-0.0005
1.21101666667,1.21085,1.21045,1.21206666667,1.21331666667,1.20685,1.20558,1.19496666667,1.22236666667,-0.0001,0.0,-0.0002
1.366388,1.367924,1.369705,1.374898,1.374075,1.36212666667,1.35925666667,1.33091,1.328775,0.00015,-0.00107,-0.0011
1.333,1.33215,1.33473333333,1.3251,1.32158333333,1.2805,1.27488,1.29253333333,1.37438333333,0.0004,0.0014,0.0
1.26978333333,1.26906666667,1.26886,1.27024,1.2722,1.27806,1.27518333333,1.26058333333,1.22254,0.0008,0.002,0.0018
1.30703166667,1.30778,1.30750166667,1.30495,1.29985,1.298665,1.299575,1.313095,1.284385,0.00028,0.00211,0.00112
1.42898333333,1.429,1.43106,1.43146666667,1.42223333333,1.42286666667,1.41751666667,1.3529,1.36935,-0.0005,-0.0002,-0.0007
1.58182,1.57788,1.57616,1.5773,1.56161666667,1.52145,1.48858333333,1.449,1.42255,-0.0046,-0.0032,-0.0044
1.29108,1.2976,1.29528333333,1.2958,1.28711666667,1.31446666667,1.30901666667,1.35895,1.43696666667,-0.0013,0.0011,0.0017
1.35272166667,1.35287833333,1.35348333333,1.351642,1.35002,1.33710333333,1.32898833333,1.32227166667,1.31314,-0.00017,-0.0004,-0.0004
1.27136,1.26335,1.26001666667,1.26101666667,1.26268,1.23885,1.26955,1.32183333333,1.38903333333,-0.0006,-0.0018,-0.0016
1.4634,1.46336,1.4651,1.46303333333,1.46344,1.4422,1.40821666667,1.38925,1.35146666667,-0.0015,-0.0015,-0.0009
1.20626,1.20639,1.210132,1.211202,1.221718,1.23441833333,1.258425,1.28120666667,1.31888333333,0.00027,0.00024,0.0007
1.46754,1.46623333333,1.47633333333,1.48016666667,1.47791666667,1.46228333333,1.46261666667,1.41934,1.3774,-0.0006,-0.0004,-0.0027
1.4845,1.48394,1.48038,1.47755,1.47342,1.46813333333,1.44533333333,1.41298333333,1.38435,0.001,0.0028,0.003
1.236736,1.235042,1.230694,1.23060666667,1.23443666667,1.246156,1.264,1.29681666667,1.331545,0.00124,0.00284,0.00504
1.2956,1.29488333333,1.2952,1.29245,1.29232,1.29561666667,1.30706666667,1.3096,1.27246666667,-0.0005,-0.0009,-0.0085
1.231122,1.230966,1.23601,1.24093666667,1.245578,1.24540166667,1.267565,1.30781,1.350822,-2.00000000001e-05,-0.00017,-0.00027
1.32776666667,1.32751666667,1.33364,1.34018333333,1.35093333333,1.33946666667,1.29753333333,1.26955,1.24776666667,0.0004,-0.002,-0.0004
1.4008,1.40161666667,1.40298333333,1.40523333333,1.39776,1.3979,1.36131666667,1.34903333333,1.37045,0.0023,0.0032,0.0047
1.46735,1.46871666667,1.46871666667,1.4671,1.4717,1.45286666667,1.43363333333,1.39216666667,1.37433333333,-0.0018,-0.0062,-0.0064
1.43778333333,1.43771666667,1.44321666667,1.44666666667,1.44703333333,1.44235,1.47106,1.45083333333,1.3981,-0.001,-0.0012,-0.0004
1.3187,1.3147,1.30658333333,1.2983,1.28715,1.2835,1.3418,1.43176666667,1.46928333333,0.0014,-0.0004,0.0046
1.3705,1.3704,1.36893333333,1.36798333333,1.36823333333,1.37161666667,1.3571,1.33773333333,1.30316,-0.0005,-0.0011,-0.0004
1.47066,1.4712,1.47032,1.47173333333,1.47208333333,1.46073333333,1.45088333333,1.41843333333,1.37338333333,0.0001,0.0018,0.0004
1.27411666667,1.27395,1.27668,1.27751666667,1.27723333333,1.26715,1.26443333333,1.23833333333,1.2192,0.0,-0.0001,-0.0004
1.59671666667,1.59736,1.59756,1.5913,1.59165,1.5752,1.52968333333,1.49926666667,1.44575,-0.003,-0.003,-0.0078
1.223086,1.225382,1.22620333333,1.22728333333,1.223595,1.244966,1.26751333333,1.288835,1.31682333333,-0.00342,-0.00445,-0.00497
1.35158,1.352248,1.35360666667,1.35201166667,1.35294166667,1.36021666667,1.357918,1.3532,1.33207,0.00315,0.00209,0.0019
1.2798,1.28123333333,1.28138333333,1.28083333333,1.28231666667,1.27,1.27428,1.27048333333,1.23433333333,-0.0001,0.0003,0.0002
1.25768333333,1.25558,1.25752,1.25886666667,1.25996666667,1.27885,1.29886666667,1.33376666667,1.44266666667,0.0002,0.0001,0.0015
1.48376,1.4771,1.48056666667,1.48382,1.48485,1.46278,1.42268333333,1.39858333333,1.35328,-0.0008,-0.0012,-0.0005
1.39268333333,1.39183333333,1.39313333333,1.39403333333,1.38988333333,1.3785,1.35136,1.3503,1.33134,0.0025,0.0051,0.0059
1.18717,1.18927,1.19148166667,1.19276,1.203286,1.220755,1.255068,1.28022166667,1.31702666667,7e-05,0.00035,-0.00046
1.45456666667,1.45431666667,1.47564,1.4784,1.4784,1.44972,1.39414,1.3816,1.3458,0.0007,0.001,0.0007
1.38122,1.38168,1.3818,1.38246666667,1.38028333333,1.3647,1.35693333333,1.33843333333,1.31946666667,0.0016,0.0024,0.0011
1.325424,1.326828,1.32612666667,1.326972,1.32382666667,1.30940666667,1.31045166667,1.31659166667,1.29007666667,-1.00000000001e-05,0.0007,0.00134
1.34886666667,1.34748333333,1.34805,1.34821666667,1.34665,1.3631,1.35721666667,1.34274,1.3124,0.0003,0.0002,0.0001
1.29472,1.29598,1.29838333333,1.28358333333,1.27471666667,1.26144,1.36968,1.4395,1.46543333333,-0.0036,-0.0059,-0.0011
1.22801666667,1.2291,1.23023333333,1.23038333333,1.21656,1.21555,1.20455,1.23311666667,1.22785,0.0007,0.0005,0.001
1.58888333333,1.58985,1.59295,1.58766666667,1.58198333333,1.56942,1.52085,1.49745,1.44341666667,0.0012,0.0005,0.0008
1.34048,1.34121666667,1.34555,1.34671666667,1.35851666667,1.3914,1.4231,1.41741666667,1.38138333333,0.0011,0.0027,0.0037
1.380262,1.379262,1.37741333333,1.37416666667,1.36979833333,1.355934,1.341085,1.322295,1.304364,-0.00057,5.00000000001e-05,0.00112
1.2175,1.2155,1.21313333333,1.2115,1.20843333333,1.2054,1.20606666667,1.20268333333,1.22406,-0.0003,-0.0002,0.0072
1.31491666667,1.31376666667,1.31745,1.32206,1.33464,1.3175,1.3122,1.31351666667,1.40441666667,-0.0006,-0.0011,-0.0007
1.26806666667,1.26783333333,1.26693333333,1.27011666667,1.26843333333,1.28638333333,1.2646,1.29473333333,1.3644,-0.0004,0.0005,0.0022
1.3669,1.362,1.3596,1.35935,1.35895,1.40971666667,1.48006666667,1.51231666667,1.4903,-0.0001,-0.0007,0.0006
1.379984,1.3783,1.37325666667,1.37166166667,1.37236333333,1.367475,1.36764333333,1.35746333333,1.34082333333,0.00046,0.0005,0.00139
1.307852,1.31097,1.310455,1.30807,1.31090333333,1.312135,1.29772333333,1.27446,1.27965333333,-0.00016,0.00056,0.0002
1.44085,1.44143333333,1.4405,1.43666666667,1.42372,1.41151666667,1.39961666667,1.35176666667,1.40573333333,0.0012,0.0008,0.001
1.33154,1.3288,1.32505,1.32421666667,1.3276,1.34301666667,1.3574,1.42106,1.41572,0.0012,0.0001,0.0012
1.5411,1.54186666667,1.54598333333,1.55286,1.55564,1.56795,1.56382,1.5518,1.49153333333,-0.0005,-0.0003,0.0011
1.39232,1.38566,1.38418,1.37604,1.37381666667,1.32596666667,1.30361666667,1.2781,1.36926666667,-0.0007,-0.0014,-0.0007
1.26978333333,1.26968333333,1.26906666667,1.26906666667,1.27214,1.27613333333,1.27293333333,1.25993333333,1.2302,0.0,-0.0001,-0.0004
1.40672,1.4088,1.41186666667,1.41372,1.41416666667,1.4288,1.45951666667,1.44676,1.39666,-0.0001,-0.0001,0.003
1.367434,1.36778,1.36782666667,1.36616666667,1.37101833333,1.36341666667,1.35846333333,1.331014,1.32644166667,4.99999999999e-05,0.00047,0.0008
1.237684,1.23671833333,1.23746666667,1.238885,1.23304833333,1.22840166667,1.254038,1.282435,1.335634,-0.00021,0.00024,-0.0003
1.41014,1.40711666667,1.40591666667,1.40522,1.41566,1.3958,1.36658333333,1.36971666667,1.3247,-0.0003,-0.0007,0.0
1.27612,1.27424,1.28536666667,1.2837,1.27078333333,1.33498333333,1.4261,1.48075,1.49648,0.002,0.0019,-0.0005
1.27323333333,1.27602,1.2722,1.26898333333,1.26653333333,1.26653333333,1.26653333333,1.26653333333,1.26653333333,-0.0006,-0.0007,-0.0006
1.20391666667,1.20446666667,1.20422,1.20176666667,1.20823333333,1.19892,1.20026666667,1.19726,1.2315,-0.0003,-0.0005,-0.0003
1.2076,1.2087,1.21226666667,1.21115,1.21481666667,1.20666,1.19086666667,1.20581666667,1.24358,0.0013,0.001,0.0005
1.21711666667,1.21418333333,1.21393333333,1.22013333333,1.22418333333,1.23616666667,1.24106666667,1.24106666667,1.24106666667,0.0001,0.0013,-0.0014
1.5181,1.5189,1.51968333333,1.50866,1.49914,1.47846666667,1.4692,1.44448333333,1.4047,0.0007,0.0004,0.001
1.20115,1.20031666667,1.19948333333,1.19558333333,1.19456666667,1.20906666667,1.25928,1.27333333333,1.26816666667,0.0004,-0.0003,-0.0014
1.28523333333,1.28203333333,1.28341666667,1.28173333333,1.28223333333,1.26398,1.22238,1.21841666667,1.22808333333,0.0002,0.0012,-0.0004
1.3611,1.36091666667,1.35934,1.36415,1.36601666667,1.33681666667,1.34548333333,1.34026666667,1.32314,-0.0016,-0.0021,0.0007
1.48216,1.48315,1.48155,1.48226666667,1.47908333333,1.45211666667,1.4125,1.3712,1.32672,-0.0006,0.0003,-0.0005
1.33904,1.3387,1.33876666667,1.33538333333,1.33398333333,1.34371666667,1.34291666667,1.32796666667,1.29883333333,0.0,-0.0002,0.0001
1.28323333333,1.28291666667,1.28216666667,1.2811,1.28016666667,1.28033333333,1.27195,1.25025,1.23386666667,0.0005,-0.0007,-0.0014
1.37666,1.37703333333,1.37621666667,1.37321666667,1.36431666667,1.35378333333,1.40126666667,1.41356666667,1.38685,0.0024,0.0012,0.0032
1.38056666667,1.3821,1.38782,1.39103333333,1.38661666667,1.34156666667,1.30985,1.29876666667,1.36441666667,0.0023,0.0022,0.0034
1.34718333333,1.3484,1.34893333333,1.34888333333,1.34996666667,1.36696666667,1.3536,1.3445,1.30302,-0.0005,-0.0003,0.0004
1.45916666667,1.45804,1.45965,1.4621,1.46818333333,1.45466666667,1.43238,1.40066666667,1.36721666667,0.0005,0.0017,0.0021
1.26816666667,1.26708333333,1.26504,1.2651,1.26321666667,1.26321666667,1.26321666667,1.26321666667,1.26321666667,-0.0002,0.0002,-0.0002
1.301448,1.30199666667,1.30088333333,1.29747666667,1.29138666667,1.29195333333,1.33116333333,1.36393833333,1.38788666667,-0.00039,-0.00208,-0.00221
1.38251666667,1.38276,1.38193333333,1.38211666667,1.38068,1.36451666667,1.35758333333,1.33795,1.30878,-0.0005,0.0001,0.0009
1.34776,1.35356,1.35186,1.3497,1.35451666667,1.36286,1.33581666667,1.33161666667,1.32721666667,0.0,0.0008,0.0034
1.26784,1.2617,1.26633333333,1.26633333333,1.27066666667,1.27428333333,1.3611,1.44646666667,1.50992,0.0039,0.0098,0.015
1.2942,1.29433333333,1.2925,1.29161666667,1.31001666667,1.32206,1.34733333333,1.32063333333,1.32971666667,0.0004,0.001,0.0
1.3326,1.33285,1.337,1.34855,1.35348333333,1.37868333333,1.3453,1.30263333333,1.34748333333,0.0008,0.0014,0.001
1.28479333333,1.28808666667,1.28721166667,1.29259833333,1.294065,1.29326666667,1.25277833333,1.26713833333,1.293165,-0.00025,-0.00029,-0.00194
1.32058,1.3197,1.31601666667,1.31538333333,1.30388333333,1.28813333333,1.28018333333,1.28175,1.24693333333,-0.0004,-0.0008,-0.0015
1.39452,1.39664,1.40401666667,1.42165,1.43763333333,1.4316,1.4874,1.51745,1.48088333333,-0.0063,-0.0064,-0.0041
1.40933333333,1.40686666667,1.4038,1.40796666667,1.41161666667,1.3997,1.37823333333,1.35436,1.33716666667,-0.0008,0.0017,0.0015
1.35381833333,1.353786,1.353786,1.35438333333,1.35651333333,1.36284833333,1.37410333333,1.37072666667,1.35168333333,0.00019,0.00027,0.00029
1.33975,1.33882,1.33293333333,1.31896666667,1.3143,1.27924,1.28648333333,1.29125,1.38295,0.0003,-0.0006,0.0006
1.47612,1.47504,1.47126666667,1.46881666667,1.46631666667,1.4563,1.43185,1.39453333333,1.38718333333,-0.0003,-0.0009,-0.0013
1.139158,1.13741,1.132206,1.132805,1.135495,1.14559333333,1.194555,1.263574,1.29637,0.00148,0.0009,0.00229
